algorithm,model,metric_name,row_count,mean_historical_score,mean_probe_score,mean_score_delta,mean_parsed_edge_count
algo1,mistral-small-2603,accuracy,2,0.8928571428571429,0.939935064935065,0.04707792207792205,7.5
algo1,mistral-small-2603,precision,2,0.29122807017543856,0.5833333333333333,0.29210526315789476,7.5
algo1,mistral-small-2603,recall,2,0.5263157894736842,0.07894736842105263,-0.4473684210526315,7.5
algo2,mistral-small-2603,accuracy,2,0.913961038961039,0.9383116883116883,0.024350649350649345,6.0
algo2,mistral-small-2603,precision,2,0.39166666666666666,0.3333333333333333,-0.05833333333333335,6.0
algo2,mistral-small-2603,recall,2,0.4210526315789473,0.05263157894736842,-0.36842105263157887,6.0
algo3,mistral-small-2603,recall,2,0.0,0.0,0.0,16.5
