algorithm,model,metric,matched_file_count,baseline_mean,llm_mean,mean_delta
algo3,deepseek-chat-v3.1,Recall,1,0.7878786666666666,0.05776515416666667,-0.7301135124999999
algo3,deepseek-v3-chat-0324,Recall,1,0.7878786666666666,0.007386362500000001,-0.7804923041666666
algo3,gemini-2.0-flash-exp,Recall,1,0.7878786666666666,0.05662879583333333,-0.7312498708333333
algo3,google-gemini-2.5-pro,Recall,1,0.7878786666666666,0.030303033333333333,-0.7575756333333333
algo3,gpt-5,Recall,1,0.7878786666666666,0.0,-0.7878786666666666
algo3,openai-gpt-4o,Recall,1,0.7878786666666666,0.08655302916666667,-0.7013256375
