source_input,factor,level_low,level_high,metric,pair_count,mean_low,mean_high,mean_difference,difference_sample_std,difference_ci95_low,difference_ci95_high,effect_size_paired_d,t_statistic,p_value,p_value_adjusted,correction_method
data/results/algo3/deepseek-chat-v3.1/evaluated/method3_results_evaluated_deepseek-chat-v3.1.csv,Counter-Example,-1,1,Recall,120,0.055303033333333335,0.060227275000000004,0.004924241666666666,0.2874674618443103,-0.046510213377622234,0.05635869671095557,0.017129735779743964,0.1876468538133823,0.8514730782970874,1.0,benjamini-hochberg
data/results/algo3/deepseek-v3-chat-0324/evaluated/method3_results_evaluated_deepseek-chat-v3.csv,Counter-Example,-1,1,Recall,120,0.0,0.014772725000000002,0.014772725000000002,0.11489560508441413,-0.0057847071232266945,0.0353301571232267,0.12857519649377747,1.4084707091060213,0.16159910135297859,0.3136260466783382,benjamini-hochberg
data/results/algo3/gemini-2.0-flash-exp/evaluated/method3_results_evaluated_gemini_2.0.csv,Counter-Example,-1,1,Recall,120,0.07272728333333335,0.040530308333333334,-0.032196975,0.24913184168323074,-0.07677231729768569,0.01237836729768569,-0.12923669163469764,-1.4157170253132618,0.15947031745086088,0.3136260466783382,benjamini-hochberg
data/results/algo3/google-gemini-2.5-pro/evaluated/method3_results_evaluated_gemini_2.5pro.csv,Counter-Example,-1,1,Recall,120,0.018560608333333332,0.042045458333333334,0.02348485,0.20370410440750747,-0.01296243879319059,0.05993213879319059,0.11528903685229071,1.2629281223408804,0.20908403111889215,0.3136260466783382,benjamini-hochberg
data/results/algo3/gpt-5/evaluated/method3_results_evaluated_gpt5.csv,Counter-Example,-1,1,Recall,120,0.0,0.0,0.0,0.0,0.0,0.0,0.0,,,1.0,benjamini-hochberg
data/results/algo3/openai-gpt-4o/evaluated/method3_results_evaluated_gpt4o.csv,Counter-Example,-1,1,Recall,120,0.10833333333333334,0.064772725,-0.043560608333333334,0.32240435784224264,-0.1012460672132002,0.014124850546533535,-0.13511172313200617,-1.4800747708558466,0.14149592300616834,0.3136260466783382,benjamini-hochberg
