algorithm,model,valid_row_count,mean,median,std,min,max,mean_minus_median
algo1,deepseek-chat-v3.1,480,10.135416666666666,9.0,3.8025916655732295,2,24,1.135416666666666
algo1,deepseek-v3-chat-0324,480,14.802083333333334,14.0,7.362688466478731,5,51,0.8020833333333339
algo1,gemini-2.0-flash-exp,480,13.029166666666667,12.0,7.98061216286601,1,48,1.0291666666666668
algo1,gemini-2.5-pro,480,9.364583333333334,9.0,2.7722144764949626,4,17,0.3645833333333339
algo1,gpt-5,480,28.6875,28.0,8.40433393018274,12,48,0.6875
algo1,openai-gpt-4o,480,8.258333333333333,7.0,5.778075086474807,1,36,1.2583333333333329
