algorithm,model,metric,n,mean,sample_std,ci95_low,ci95_high,median,q1,q3,min,max
algo1,gpt-5,accuracy,160,0.933668,0.005058,0.932878,0.934458,0.934461,0.929175,0.936575,0.922833,0.942918
algo1,gpt-5,precision,160,0.325177,0.047946,0.31769,0.332663,0.321429,0.291667,0.35,0.241379,0.4375
algo1,gpt-5,recall,160,0.182091,0.042862,0.175399,0.188784,0.192308,0.134615,0.211538,0.115385,0.307692
