algorithm,model,metric,n,mean,sample_std,ci95_low,ci95_high,median,q1,q3,min,max
algo1,deepseek-v3-chat-0324,accuracy,160,0.937335,0.004832,0.93658,0.938089,0.938689,0.933404,0.939746,0.928118,0.945032
algo1,deepseek-v3-chat-0324,precision,160,0.254274,0.127664,0.234341,0.274207,0.272727,0.157895,0.318182,0.0,0.5
algo1,deepseek-v3-chat-0324,recall,160,0.071514,0.057719,0.062502,0.080527,0.057692,0.038462,0.096154,0.0,0.307692
