Explanation,metric,condition_count,mean_cv,median_cv,mean_range_width,max_range_width
-1,accuracy,288,4.50587368421007e-05,0.0,9.018759018758958e-05,0.0259740259740258
-1,precision,288,0.0021784235392309,0.0,0.0008060515873015,0.2321428571428571
-1,recall,288,0.0018561715363861,0.0,0.000548245614035,0.1578947368421053
1,accuracy,288,2.8792230679787455e-06,0.0,5.767811000369097e-06,0.0016611295681063
1,precision,288,0.0025135656221895,0.0,0.0016248219373219,0.3846153846153846
1,recall,288,0.0020108524977516,0.0,0.0003338675213675,0.0961538461538461
