algorithm,model,metric,n,mean,sample_std,ci95_low,ci95_high,median,q1,q3,min,max
algo1,gemini-2.0-flash-exp,accuracy,160,0.822774,0.311982,0.774062,0.871485,0.940803,0.933404,0.942918,0.0,0.946089
algo1,gemini-2.0-flash-exp,precision,160,0.239217,0.180729,0.210998,0.267435,0.25,0.0,0.375,0.0,0.571429
algo1,gemini-2.0-flash-exp,recall,160,0.042067,0.036868,0.036311,0.047824,0.038462,0.0,0.057692,0.0,0.134615
