source_input,factor,level_low,level_high,metric,pair_count,mean_low,mean_high,mean_difference,difference_sample_std,difference_ci95_low,difference_ci95_high,effect_size_paired_d,t_statistic,p_value,p_value_adjusted,correction_method
data/results/algo3/deepseek-chat-v3.1/evaluated/method3_results_evaluated_deepseek-chat-v3.1.csv,Number of Words,3,5,Recall,120,0.028409091666666667,0.08712121666666667,0.058712125000000004,0.3143331542218674,0.0024707876812381166,0.11495346231876188,0.18678311279426452,2.0461064847690094,0.04294949256452216,0.12884847769356647,benjamini-hochberg
data/results/algo3/deepseek-v3-chat-0324/evaluated/method3_results_evaluated_deepseek-chat-v3.csv,Number of Words,3,5,Recall,120,0.014772725000000002,0.0,-0.014772725000000002,0.11489560508441413,-0.0353301571232267,0.0057847071232266945,-0.12857519649377747,-1.4084707091060211,0.1615991013529787,0.3231982027059574,benjamini-hochberg
data/results/algo3/gemini-2.0-flash-exp/evaluated/method3_results_evaluated_gemini_2.0.csv,Number of Words,3,5,Recall,120,0.027272733333333334,0.08598485833333333,0.058712125000000004,0.24989727220719654,0.013999829804682486,0.10342442019531753,0.234945041542191,2.573693980532927,0.011289236753357626,0.06773542052014575,benjamini-hochberg
data/results/algo3/google-gemini-2.5-pro/evaluated/method3_results_evaluated_gemini_2.5pro.csv,Number of Words,3,5,Recall,120,0.030303033333333337,0.030303033333333337,9.251858538542971e-19,0.16750375814793134,-0.029970225022807172,0.029970225022807172,5.523373708649671e-18,6.050552747516784e-17,1.0,0.8134993096681957,benjamini-hochberg
data/results/algo3/gpt-5/evaluated/method3_results_evaluated_gpt5.csv,Number of Words,3,5,Recall,120,0.0,0.0,0.0,0.0,0.0,0.0,0.0,,,0.8134993096681957,benjamini-hochberg
data/results/algo3/openai-gpt-4o/evaluated/method3_results_evaluated_gpt4o.csv,Number of Words,3,5,Recall,120,0.089772725,0.08333333333333333,-0.006439391666666668,0.2983446082130302,-0.059820015130583784,0.046941231797250446,-0.02158373736075257,-0.23643799655502404,0.8134993096681957,0.8134993096681957,benjamini-hochberg
