algorithm,model,metric,n,mean,sample_std,ci95_low,ci95_high,median,q1,q3,min,max
algo2,gemini-2.5-pro,accuracy,960,0.925351,0.020493,0.924053,0.926649,0.935065,0.900332,0.942918,0.887043,0.947146
algo2,gemini-2.5-pro,precision,960,0.392873,0.132559,0.384477,0.401269,0.375,0.333333,0.5,0.0,1.0
algo2,gemini-2.5-pro,recall,960,0.097763,0.088687,0.092146,0.10338,0.057692,0.033898,0.157895,0.0,0.315789
