algorithm,model,metric,n,mean,sample_std,ci95_low,ci95_high,median,q1,q3,min,max
algo1,deepseek-v3-chat-0324,accuracy,480,0.914019,0.020397,0.91219,0.915849,0.912338,0.89701,0.933404,0.863787,0.945032
algo1,deepseek-v3-chat-0324,precision,480,0.260175,0.120717,0.249348,0.271002,0.25,0.176471,0.333333,0.0,0.545455
algo1,deepseek-v3-chat-0324,recall,480,0.105843,0.081137,0.098566,0.11312,0.076923,0.038462,0.157895,0.0,0.368421
