algorithm,model,metric,n,mean,sample_std,ci95_low,ci95_high,median,q1,q3,min,max
algo2,gemini-2.5-pro,accuracy,320,0.943562,0.002004,0.943341,0.943782,0.943975,0.942918,0.945032,0.934461,0.947146
algo2,gemini-2.5-pro,precision,320,0.413604,0.135882,0.39866,0.428549,0.4,0.333333,0.5,0.0,1.0
algo2,gemini-2.5-pro,recall,320,0.053185,0.029436,0.049948,0.056423,0.038462,0.038462,0.076923,0.0,0.134615
