algorithm,model,metric,n,mean,sample_std,ci95_low,ci95_high,median,q1,q3,min,max
algo2,gpt-5,accuracy,960,0.918303,0.021842,0.91692,0.919687,0.922078,0.898671,0.938312,0.844156,0.951299
algo2,gpt-5,precision,960,0.355574,0.133143,0.347141,0.364007,0.333333,0.25,0.454545,0.0,0.692308
algo2,gpt-5,recall,960,0.164088,0.144906,0.15491,0.173266,0.096154,0.050847,0.263158,0.0,0.578947
