Feature,Result
Example,26.81718884747834
Counter-Example,0.013852130781992272
Number of Words,0
Depth,19.479170365731203
Example_AND_Counter-Example,0.013852130781992272
Example_AND_Number of Words,26.81718884747834
Example_AND_Depth,13.311633165164366
Counter-Example_AND_Number of Words,0.013852130781992272
Counter-Example_AND_Depth,0.22162921663741725
Number of Words_AND_Depth,13.311633165164366
