algorithm,model,metric,n,mean,sample_std,ci95_low,ci95_high,median,q1,q3,min,max
algo1,gpt-5,accuracy,480,0.906504,0.023242,0.90442,0.908589,0.902597,0.890365,0.929175,0.840909,0.942918
algo1,gpt-5,precision,480,0.323426,0.084048,0.315888,0.330964,0.321429,0.268293,0.366667,0.12,0.666667
algo1,gpt-5,recall,480,0.238886,0.117638,0.228336,0.249437,0.192308,0.169492,0.263158,0.084746,0.631579
