Depth,metric,condition_count,mean_cv,median_cv,mean_range_width,max_range_width
1,Recall,48,3.621761773767552,3.872983346207417,0.1818182083333333,1.0
2,Recall,48,2.9523940793813015,2.894379657741822,0.4914772708333333,1.0
