algorithm,model,metric,n,mean,sample_std,ci95_low,ci95_high,median,q1,q3,min,max
algo2,gpt-5,accuracy,320,0.93712,0.008638,0.93617,0.93807,0.938689,0.932347,0.943975,0.912262,0.950317
algo2,gpt-5,precision,320,0.337365,0.14873,0.321008,0.353723,0.333333,0.206897,0.454545,0.071429,0.692308
algo2,gpt-5,recall,320,0.101262,0.047698,0.096016,0.106508,0.096154,0.057692,0.115385,0.019231,0.269231
