algorithm,mean_pairwise_jaccard,exact_match_pair_rate,mean_edge_count,sample_std_edge_count,breadth_expansion_ratio
algo1,0.9980555555555556,0.9979166666666666,14.046180555555557,0.0054348874453119,1.003902687594178
algo2,0.9996496864059476,0.9991319444444444,34.885243055555556,0.0055378951068529,1.0005076574900793
algo3,0.0769849742437534,0.0010416666666666,50.525000000000006,16.954405357636247,4.132122061570669
