algorithm,metric,condition_count,mean_cv,median_cv,max_cv,mean_range_width,max_range_width
ALGO1,accuracy,576,2.3895239546343703e-05,0.0,0.0128417399999987,4.797770059397933e-05,0.0259740259740258
ALGO1,precision,576,0.0023459945807102,0.0,0.6056017439061929,0.0012154367623117,0.3846153846153846
ALGO1,recall,576,0.0019335120170688,0.0,0.5590169943749473,0.0004410565677013,0.1578947368421053
ALGO2,accuracy,1152,1.5460659215327038e-05,0.0,0.0166975119525532,3.663870851370842e-05,0.0422077922077921
ALGO2,precision,1152,0.0002166141647459,0.0,0.2107655822978504,0.0001196864478114,0.1378787878787878
ALGO2,recall,1152,0.0001798186567892,0.0,0.1749635530559412,0.0001370614035087,0.1578947368421052
ALGO3,Recall,96,3.2110134158487167,3.872983346207417,3.8729833462074175,0.3366477395833334,1.0
