algorithm,metric,varying_conditions,total_conditions,varying_condition_share
ALGO1,accuracy,2,576,0.0034722222222222
ALGO1,precision,3,576,0.0052083333333333
ALGO1,recall,2,576,0.0034722222222222
ALGO2,accuracy,1,1152,0.0008680555555555
ALGO2,precision,1,1152,0.0008680555555555
ALGO2,recall,1,1152,0.0008680555555555
ALGO3,Recall,44,96,0.4583333333333333
