algorithm,model,metric,n,mean,sample_std,ci95_low,ci95_high,median,q1,q3,min,max
algo2,deepseek-chat-v3-0324,accuracy,960,0.912822,0.036165,0.910531,0.915112,0.918831,0.895349,0.937632,0.612051,0.953488
algo2,deepseek-chat-v3-0324,precision,960,0.35262,0.163537,0.342262,0.362978,0.375,0.222222,0.454545,0.058824,0.8
algo2,deepseek-chat-v3-0324,recall,960,0.156386,0.10918,0.149471,0.163301,0.134615,0.076923,0.210526,0.016949,0.615385
