algorithm,model,metric,n,mean,sample_std,ci95_low,ci95_high,median,q1,q3,min,max
algo2,deepseek-chat-v3-0324,accuracy,320,0.910032,0.054658,0.904021,0.916044,0.921776,0.899577,0.94186,0.612051,0.953488
algo2,deepseek-chat-v3-0324,precision,320,0.275776,0.163286,0.257817,0.293734,0.26,0.133333,0.434783,0.058824,0.653846
algo2,deepseek-chat-v3-0324,recall,320,0.183894,0.129961,0.169601,0.198188,0.153846,0.096154,0.230769,0.038462,0.615385
