Number of Words,mean_pairwise_jaccard,exact_match_pair_rate,mean_edge_count,sample_std_edge_count,breadth_expansion_ratio
3,0.080222619798542,0.001388888888888889,36.141666666666666,12.092335159925206,4.10783226459285
5,0.07374732868896498,0.0006944444444444445,64.90833333333333,21.81647555534729,4.156411858548489
