algorithm,mean_pairwise_jaccard,exact_match_pair_rate,mean_edge_count,sample_std_edge_count,breadth_expansion_ratio
algo1,0.9980555555555556,0.9979166666666666,14.046180555555557,0.005434887445311988,1.0039026875941781
algo2,0.9996496864059475,0.9991319444444444,34.885243055555556,0.005537895106852979,1.0005076574900793
algo3,0.07698497424375349,0.0010416666666666669,50.525000000000006,16.954405357636247,4.132122061570669
