Feature,Result
Example,0.5534493365473586
Counter-Example,9.067293836795228
Number of Words,30.15109906961875
Depth,7.05930986173045
Example_AND_Counter-Example,3.013227773319274
Example_AND_Number of Words,4.077456872533784
Example_AND_Depth,9.067293836795228
Counter-Example_AND_Number of Words,9.067293836795228
Counter-Example_AND_Depth,20.88426571413426
Number of Words_AND_Depth,7.05930986173045
