source_input,factor,level_low,level_high,metric,pair_count,mean_low,mean_high,mean_difference,difference_sample_std,difference_ci95_low,difference_ci95_high,effect_size_paired_d,t_statistic,p_value,p_value_adjusted,correction_method
data/results/algo3/deepseek-chat-v3.1/evaluated/method3_results_evaluated_deepseek-chat-v3.1.csv,Example,-1,1,Recall,120,0.055303033333333335,0.060227275000000004,0.004924241666666666,0.26199907539204337,-0.041953340854988155,0.05180182418832148,0.018794881849480794,0.2058876150921009,0.8372305141509316,1.0,benjamini-hochberg
data/results/algo3/deepseek-v3-chat-0324/evaluated/method3_results_evaluated_deepseek-chat-v3.csv,Example,-1,1,Recall,120,0.006439391666666667,0.008333333333333333,0.0018939416666666662,0.115833717922588,-0.01883134014045802,0.02261922347379135,0.01635052125264936,0.1791109863408736,0.8581551565343069,1.0,benjamini-hochberg
data/results/algo3/gemini-2.0-flash-exp/evaluated/method3_results_evaluated_gemini_2.0.csv,Example,-1,1,Recall,120,0.052651525,0.06060606666666667,0.007954541666666667,0.2454292729364187,-0.035958327026060444,0.05186741035939378,0.03241072905238726,0.3550417481436108,0.7231867940953364,1.0,benjamini-hochberg
data/results/algo3/google-gemini-2.5-pro/evaluated/method3_results_evaluated_gemini_2.5pro.csv,Example,-1,1,Recall,120,0.04545455,0.015151516666666668,-0.030303033333333337,0.20961450633664447,-0.06780782721029066,0.007201760543623984,-0.1445655353864973,-1.5836360953799173,0.11593062074898089,0.3477918622469427,benjamini-hochberg
data/results/algo3/gpt-5/evaluated/method3_results_evaluated_gpt5.csv,Example,-1,1,Recall,120,0.0,0.0,0.0,0.0,0.0,0.0,0.0,,,1.0,benjamini-hochberg
data/results/algo3/openai-gpt-4o/evaluated/method3_results_evaluated_gpt4o.csv,Example,-1,1,Recall,120,0.04810605833333333,0.125,0.07689394166666667,0.365389002156394,0.011517554076515474,0.14227032925681787,0.21044405062239527,2.3052990723728994,0.022882073627337286,0.13729244176402372,benjamini-hochberg
