source_input,factor,level_low,level_high,metric,pair_count,mean_low,mean_high,mean_difference,difference_sample_std,difference_ci95_low,difference_ci95_high,effect_size_paired_d,t_statistic,p_value,p_value_adjusted,correction_method
data/results/algo3/deepseek-chat-v3.1/evaluated/method3_results_evaluated_deepseek-chat-v3.1.csv,Depth,1,2,Recall,120,0.018560608333333336,0.0969697,0.07840909166666667,0.30997058474223865,0.022948317067379015,0.13386986626595432,0.2529565562870073,2.7710002389443833,0.006486780072351318,0.019460340217053954,benjamini-hochberg
data/results/algo3/deepseek-v3-chat-0324/evaluated/method3_results_evaluated_deepseek-chat-v3.csv,Depth,1,2,Recall,120,0.0,0.014772725000000002,0.014772725000000002,0.11489560508441413,-0.0057847071232266945,0.0353301571232267,0.12857519649377747,1.4084707091060213,0.16159910135297859,0.2542158136270187,benjamini-hochberg
data/results/algo3/gemini-2.0-flash-exp/evaluated/method3_results_evaluated_gemini_2.0.csv,Depth,1,2,Recall,120,0.042424250000000004,0.07083334166666667,0.028409091666666667,0.2551683149908649,-0.017246312746486244,0.07406449607981958,0.11133471515726284,1.2196106985009039,0.2250242248124102,0.27002906977489227,benjamini-hochberg
data/results/algo3/google-gemini-2.5-pro/evaluated/method3_results_evaluated_gemini_2.5pro.csv,Depth,1,2,Recall,120,0.01704545833333333,0.043560608333333334,0.026515149999999998,0.21013155520607044,-0.011082155657802257,0.06411245565780226,0.12618357092535337,1.3822717636473816,0.16947720908467917,0.2542158136270187,benjamini-hochberg
data/results/algo3/gpt-5/evaluated/method3_results_evaluated_gpt5.csv,Depth,1,2,Recall,120,0.0,0.0,0.0,0.0,0.0,0.0,0.0,,,1.0,benjamini-hochberg
data/results/algo3/openai-gpt-4o/evaluated/method3_results_evaluated_gpt4o.csv,Depth,1,2,Recall,120,0.008333333333333333,0.164772725,0.15643939166666668,0.3627661355685405,0.0915322944537102,0.22134648887962316,0.43124034006506445,4.724001239196693,6.3863917248182495e-06,3.83183503489095e-05,benjamini-hochberg
