algorithm,model,valid_row_count,mean,median,std,min,max,mean_minus_median
algo2,deepseek-chat-v3-0324,960,50.005208333333336,52.0,23.68865160290139,15,136,-1.9947916666666643
algo2,deepseek-chat-v3.1,960,38.760416666666664,39.0,15.632807399441825,10,100,-0.2395833333333357
algo2,gemini-2.0-flash-exp,960,28.880208333333332,25.0,41.334884841468835,4,398,3.880208333333332
algo2,gemini-2.5-pro,960,30.177083333333332,30.0,10.096504925645833,10,63,0.17708333333333215
algo2,gpt-5,960,50.84791666666667,50.0,12.03911750051354,24,82,0.84791666666667
algo2,openai-gpt-4o,960,84.546875,15.0,179.49482432935807,2,691,69.546875
