algorithm,model,metric,n,mean,sample_std,ci95_low,ci95_high,median,q1,q3,min,max
algo1,openai-gpt-4o,accuracy,480,0.923367,0.020436,0.921534,0.925199,0.931818,0.901993,0.941558,0.878738,0.947146
algo1,openai-gpt-4o,precision,480,0.354525,0.1758,0.338758,0.370291,0.333333,0.25,0.5,0.0,1.0
algo1,openai-gpt-4o,recall,480,0.071048,0.051064,0.066469,0.075628,0.057692,0.033898,0.105263,0.0,0.263158
