algorithm,model,metric,n,mean,sample_std,ci95_low,ci95_high,median,q1,q3,min,max
algo1,openai-gpt-4o,accuracy,160,0.941927,0.003246,0.94142,0.942433,0.942918,0.938689,0.943975,0.933404,0.947146
algo1,openai-gpt-4o,precision,160,0.324641,0.185956,0.295607,0.353676,0.3,0.2,0.428571,0.0,1.0
algo1,openai-gpt-4o,recall,160,0.046274,0.039729,0.040071,0.052477,0.038462,0.019231,0.057692,0.0,0.211538
