algorithm,model,metric,n,mean,sample_std,ci95_low,ci95_high,median,q1,q3,min,max
algo2,deepseek-chat-v3.1,accuracy,320,0.920141,0.03669,0.916106,0.924176,0.932347,0.914376,0.94186,0.749471,0.948203
algo2,deepseek-chat-v3.1,precision,320,0.267281,0.145281,0.251303,0.28326,0.230769,0.163399,0.333333,0.056604,0.666667
algo2,deepseek-chat-v3.1,recall,320,0.123498,0.11399,0.110961,0.136034,0.076923,0.057692,0.134615,0.038462,0.576923
