algorithm,model,metric,n,mean,sample_std,ci95_low,ci95_high,median,q1,q3,min,max
algo2,openai-gpt-4o,accuracy,320,0.440258,0.469744,0.388595,0.491922,0.0,0.0,0.943975,0.0,0.946089
algo2,openai-gpt-4o,precision,320,0.103702,0.207614,0.080868,0.126536,0.0,0.0,0.0,0.0,1.0
algo2,openai-gpt-4o,recall,320,0.011719,0.041925,0.007108,0.01633,0.0,0.0,0.0,0.0,0.326923
