algorithm,model,baseline_strategy,metric,llm_mean,baseline_mean,baseline_ci95_low,baseline_ci95_high,mean_delta,mean_k,row_count,llm_row_count
algo3,Qwen/Qwen3.5-9B,random-k,recall,0.1527777777777778,0.1527777777777778,0.1361524868680372,0.1694030686875183,0.0,22.97222222222222,1800,360
algo3,Qwen/Qwen3.5-9B,wordnet-ontology-match,recall,0.1527777777777778,0.1527777777777778,0.115561099282456,0.1899944562730995,0.0,22.97222222222222,360,360
algo3,mistralai/Ministral-3-8B-Instruct-2512,random-k,recall,0.1388888888888889,0.1388888888888889,0.1229078930655252,0.1548698847122525,0.0,11.0,1800,360
algo3,mistralai/Ministral-3-8B-Instruct-2512,wordnet-ontology-match,recall,0.1388888888888889,0.1388888888888889,0.10311450233396,0.1746632754438178,0.0,11.0,360,360
