algorithm,model,metric,llm_mean,mean_k,row_count,random_k_mean,random_k_ci95_low,random_k_ci95_high,random_k_mean_delta,wordnet_ontology_match_mean,wordnet_ontology_match_ci95_low,wordnet_ontology_match_ci95_high,wordnet_ontology_match_mean_delta
algo3,Qwen/Qwen3.5-9B,recall,0.1527777777777778,22.972222222222214,360,0.1527777777777778,0.1361524868680372,0.1694030686875183,0.0,0.1527777777777778,0.115561099282456,0.1899944562730995,0.0
algo3,mistralai/Ministral-3-8B-Instruct-2512,recall,0.1388888888888889,11.0,360,0.1388888888888889,0.1229078930655252,0.1548698847122525,0.0,0.1388888888888889,0.10311450233396,0.1746632754438178,0.0
