algorithm,model,metric,llm_mean,mean_k,row_count,random_k_mean,random_k_ci95_low,random_k_ci95_high,random_k_mean_delta,wordnet_ontology_match_mean,wordnet_ontology_match_ci95_low,wordnet_ontology_match_ci95_high,wordnet_ontology_match_mean_delta
algo3,Qwen/Qwen3.5-9B,recall,0.1527777777777778,22.97222222222222,360,0.1527777777777778,0.13615248686803724,0.16940306868751834,0.0,0.1527777777777778,0.115561099282456,0.18999445627309958,0.0
algo3,mistralai/Ministral-3-8B-Instruct-2512,recall,0.1388888888888889,11.0,360,0.1388888888888889,0.12290789306552528,0.1548698847122525,0.0,0.1388888888888889,0.10311450233396,0.1746632754438178,0.0
