algorithm,model,metric,n,mean,sample_std,ci95_low,ci95_high,median,q1,q3,min,max
algo1,gemini-2.5-pro,accuracy,480,0.924864,0.020393,0.923035,0.926693,0.935065,0.900332,0.94186,0.890365,0.94926
algo1,gemini-2.5-pro,precision,480,0.404198,0.135605,0.392036,0.41636,0.4,0.3,0.5,0.125,0.833333
algo1,gemini-2.5-pro,recall,480,0.093133,0.061323,0.087634,0.098633,0.067797,0.050847,0.105263,0.016949,0.315789
