algorithm,model,metric,n,mean,sample_std,ci95_low,ci95_high,median,q1,q3,min,max
algo1,gemini-2.5-pro,accuracy,160,0.943776,0.002773,0.943343,0.944209,0.943975,0.94186,0.945032,0.937632,0.94926
algo1,gemini-2.5-pro,precision,160,0.433227,0.170033,0.406679,0.459776,0.4,0.3,0.5,0.142857,0.833333
algo1,gemini-2.5-pro,recall,160,0.058894,0.026388,0.054774,0.063014,0.057692,0.038462,0.076923,0.019231,0.134615
