algorithm,model,valid_row_count,mean,median,std,min,max,mean_minus_median
algo3,deepseek-chat-v3.1,240,43.19583333333333,38.0,31.041866440438106,1,177,5.195833333333333
algo3,deepseek-v3-chat-0324,240,68.7125,58.0,42.228664366070824,12,355,10.712500000000006
algo3,gemini-2.0-flash-exp,240,53.416666666666664,49.0,29.938453836681376,1,252,4.416666666666664
algo3,google-gemini-2.5-pro,240,66.54166666666667,55.5,43.109551181476476,11,302,11.041666666666671
algo3,gpt-5,240,49.895833333333336,46.5,28.752470938629056,1,161,3.3958333333333357
algo3,openai-gpt-4o,240,21.3875,18.0,15.07817321598942,1,81,3.3874999999999993
