Feature,Result
Example,15.430269142396948
Counter-Example,4.951959975709116
Number of Words,0.10821287511882849
Depth,63.867731449326506
Example_AND_Counter-Example,0.10821287511882846
Example_AND_Number of Words,1.3932882814397898
Example_AND_Depth,9.466200115756935
Counter-Example_AND_Number of Words,1.3932882814397898
Counter-Example_AND_Depth,1.8875487222534915
Number of Words_AND_Depth,1.3932882814397898
