Depth,mean_pairwise_jaccard,exact_match_pair_rate,mean_edge_count,sample_std_edge_count,breadth_expansion_ratio
1,0.0847538843393165,0.0020833333333333,40.208333333333336,13.44271659787859,4.067395823686657
2,0.0692160641481904,0.0,60.84166666666667,20.466094117393904,4.196848299454682
