algorithm,model,metric,n,mean,sample_std,ci95_low,ci95_high,median,q1,q3,min,max
algo1,gemini-2.0-flash-exp,accuracy,480,0.876615,0.18433,0.860083,0.893147,0.915584,0.895349,0.935065,0.0,0.946089
algo1,gemini-2.0-flash-exp,precision,480,0.260902,0.168703,0.245772,0.276032,0.25,0.133333,0.333333,0.0,0.727273
algo1,gemini-2.0-flash-exp,recall,480,0.079611,0.058082,0.074402,0.08482,0.067797,0.038462,0.105263,0.0,0.263158
