Feature,Result
Example,16.72590619059962
Counter-Example,10.045996692787233
Number of Words,0.0
Depth,12.805767902507379
Example_AND_Counter-Example,29.364415399170703
Example_AND_Number of Words,5.059585610739212
Example_AND_Depth,10.045996692787233
Counter-Example_AND_Number of Words,10.045996692787227
Counter-Example_AND_Depth,5.059585610739212
Number of Words_AND_Depth,0.8467492078821862
