Feature,Result
Example,0.2709740619840551
Counter-Example,16.48601729201063
Number of Words,16.48601729201063
Depth,16.48601729201063
Example_AND_Counter-Example,0.2709740619840551
Example_AND_Number of Words,0.2709740619840551
Example_AND_Depth,0.2709740619840551
Counter-Example_AND_Number of Words,16.48601729201063
Counter-Example_AND_Depth,16.48601729201063
Number of Words_AND_Depth,16.48601729201063
