Convergence,metric,condition_count,mean_cv,median_cv,mean_range_width,max_range_width
-1,accuracy,576,3.16240756677144e-05,0.0,7.327741702741684e-05,0.0422077922077921
-1,precision,576,0.0004381820837793147,0.0,0.00023937289562289547,0.1378787878787878
-1,recall,576,0.0003637495905528923,0.0,0.00027412280701754374,0.1578947368421052
1,accuracy,576,0.0,0.0,0.0,0.0
1,precision,576,0.0,0.0,0.0,0.0
1,recall,576,0.0,0.0,0.0,0.0
