Depth,metric,condition_count,mean_cv,median_cv,mean_range_width,max_range_width
1,Recall,48,3.6217617737675516,3.872983346207417,0.18181820833333331,1.0
2,Recall,48,2.9523940793813015,2.894379657741822,0.4914772708333333,1.0
