algorithm,metric,condition_count,mean_cv,median_cv,max_cv,mean_range_width,max_range_width
algo1,accuracy,576,2.3895239546343706e-05,0.0,0.0128417399999987,4.797770059397933e-05,0.0259740259740258
algo1,precision,576,0.0023459945807102105,0.0,0.6056017439061929,0.001215436762311762,0.3846153846153846
algo1,recall,576,0.0019335120170688557,0.0,0.5590169943749473,0.00044105656770130453,0.1578947368421053
algo2,accuracy,1152,1.5460659215327038e-05,0.0,0.0166975119525532,3.663870851370842e-05,0.0422077922077921
algo2,precision,1152,0.00021661416474599217,0.0,0.2107655822978504,0.00011968644781144773,0.1378787878787878
algo2,recall,1152,0.00017981865678925096,0.0,0.1749635530559412,0.00013706140350877187,0.1578947368421052
algo3,Recall,96,3.2110134158487167,3.872983346207417,3.8729833462074175,0.3366477395833333,1.0
